{"cameraMode":{"drawMode":0,"name":"Shaded","section":"Shading Mode"},"sceneLighting":true,"audioPlay":false,"sceneViewState":{"m_AlwaysRefresh":false,"showFog":true,"showSkybox":true,"showFlares":true,"showImageEffects":true,"showParticleSystems":true,"showVisualEffectGraphs":true,"m_FxEnabled":true},"in2DMode":false,"pivot":{"x":36.035404205322269,"y":72.99134063720703,"z":24.240705490112306},"rotation":{"x":0.26336878538131716,"y":-0.0737181156873703,"z":0.020190423354506494,"w":0.9616794586181641},"size":26.913650512695314,"orthographic":false}