{"cameraMode":{"drawMode":0,"name":"Shaded","section":"Shading Mode"},"sceneLighting":true,"audioPlay":false,"sceneViewState":{"m_AlwaysRefresh":false,"showFog":true,"showSkybox":true,"showFlares":true,"showImageEffects":true,"showParticleSystems":true,"showVisualEffectGraphs":true,"m_FxEnabled":true},"in2DMode":false,"pivot":{"x":68.26082611083985,"y":18.06423568725586,"z":55.625404357910159},"rotation":{"x":0.2163265347480774,"y":0.10374835878610611,"z":-0.023123513907194139,"w":0.970533549785614},"size":-12.748278617858887,"orthographic":false}