{"cameraMode":{"drawMode":0,"name":"Shaded","section":"Shading Mode"},"sceneLighting":true,"audioPlay":false,"sceneViewState":{"m_AlwaysRefresh":false,"showFog":true,"showSkybox":true,"showFlares":true,"showImageEffects":true,"showParticleSystems":true,"showVisualEffectGraphs":true,"m_FxEnabled":true},"in2DMode":false,"pivot":{"x":20.357812881469728,"y":3.0783615112304689,"z":17.96651268005371},"rotation":{"x":-0.32924556732177737,"y":-0.06422360241413117,"z":0.022449931129813196,"w":-0.9418057799339294},"size":17.76377296447754,"orthographic":false}